COUNTRY_REGION,Total_Cases,Total_Deaths,Population_2020,Area_km2,Cases_per_Million,Deaths_per_Million,CFR_%,Cases_per_km2,Deaths_per_km2,Population_Density_Calc
Afghanistan,49273.0,1971.0,38972230,652230,1264.3105103300477,50.574473156911985,4.00016236072494,0.07554543642580071,0.003021940113150269,59.75228063719853
Albania,48530.0,1003.0,2866849,28748,16927.99306834786,349.8614681135979,2.066762827117247,1.6881174342562961,0.03488938360929456,99.72342423820787
Algeria,92102.0,2596.0,43451666,2381741,2119.642547192552,59.744544662568295,2.8186141451868583,0.03867003171209632,0.0010899589837853906,18.243657055909942
Andorra,7338.0,79.0,77700,468,94440.15444015444,1016.7310167310167,1.076587626056146,15.679487179487179,0.16880341880341881,166.02564102564102
Angola,16188.0,371.0,33428485,1246700,484.2576622901098,11.098319292663128,2.291821102050902,0.01298467955402262,0.00029758562605277934,26.813575840218174
Anguilla,10.0,0.0,15585,91,641.6426050689765,0.0,0.0,0.10989010989010989,0.0,171.26373626373626
Antigua and Barbuda,148.0,4.0,92664,442,1597.1682638349305,43.1667098333765,2.7027027027027026,0.334841628959276,0.00904977375565611,209.64705882352942
Argentina,1498160.0,40766.0,45036032,2780400,33265.80814224485,905.1863183683678,2.721071180648262,0.5388289454754711,0.014661919148323982,16.197680909221695
Armenia,148682.0,2503.0,2805608,29743,52994.57372519611,892.141738974226,1.683458656730472,4.998890495242578,0.08415425478263794,94.32834616548432
Aruba,5049.0,46.0,106585,180,47370.64314866069,431.5804287657738,0.9110714993067934,28.05,0.25555555555555554,592.1388888888889
Australia,28031.0,908.0,25670051,7692024,1091.9728986903845,35.371959331128714,3.2392708073204663,0.0036441643967829534,0.00011804435347575619,3.3372297070315953
Azerbaijan,175874.0,1922.0,10284951,86600,17100.130083264372,186.87497879182897,1.0928278199165313,2.0308775981524247,0.022193995381062356,118.76386836027713
Austria,320036.0,4400.0,8907777,83871,35927.7067667949,493.9503986235847,1.3748453299003862,3.8158123785337006,0.05246151828403143,106.20806953535786
Bahamas,7674.0,163.0,406471,13943,18879.575664684566,401.0126183663779,2.1240552514985667,0.5503837050849889,0.011690453991250089,29.152334504769417
Bahrain,89143.0,348.0,1477469,765,60334.93765351422,235.5379368365766,0.39038398976924715,116.52679738562091,0.4549019607843137,1931.332026143791
Bangladesh,490533.0,7052.0,167420951,147570,2929.937962184912,42.12137105827335,1.4376198950937042,3.3240699329131935,0.047787490682388016,1134.5188791759842
Barbados,292.0,7.0,280693,430,1040.2824438087164,24.93827776253772,2.3972602739726026,0.6790697674418604,0.01627906976744186,652.7744186046511
Belarus,160295.0,1263.0,9633740,207600,16638.916973055115,131.10173203760948,0.7879222683177891,0.7721339113680155,0.0060838150289017345,46.40529865125241
Belize,9295.0,195.0,394921,22966,23536.35284018829,493.76964000395014,2.097902097902098,0.40472872942610816,0.008490812505442829,17.195898284420448
Bermuda,431.0,9.0,64031,54,6731.114616357701,140.55691774296824,2.088167053364269,7.981481481481482,0.16666666666666666,1185.7592592592594
"Bolivia, Plurinational State of",147150.0,9018.0,11936162,1098581,12328.083348734712,755.5192364178704,6.128440366972477,0.1339455169896439,0.008208771132943314,10.86507230691228
Bosnia and Herzegovina,101117.0,3336.0,3318407,51209,30471.548547239687,1005.3016402147175,3.29914851113067,1.9745943095940166,0.06514479876584194,64.80124587474857
Botswana,12501.0,37.0,2546402,582000,4909.279838768584,14.530305898283146,0.29597632189424844,0.02147938144329897,6.357388316151203e-05,4.375261168384879
Bhutan,438.0,0.0,772506,38394,566.9858874882525,0.0,0.0,0.011408032505078918,0.0,20.12048757618378
Brunei Darussalam,152.0,3.0,441725,5765,344.10549550059426,6.791555832248571,1.9736842105263157,0.026366001734605377,0.0005203816131830009,76.62185602775368
Bulgaria,179449.0,5688.0,6979175,110879,25712.064821415137,814.9960417957709,3.169702812498259,1.6184218833142434,0.05129916395349886,62.944065152102745
Burundi,729.0,1.0,12220227,27834,59.6551929845493,0.08183154044519796,0.1371742112482853,0.026190989437378746,3.592728317884602e-05,439.0395559387799
Cambodia,359.0,0.0,16396860,181035,21.894435885895227,0.0,0.0,0.001983041953213467,0.0,90.57287264893529
Cameroon,25143.0,443.0,26491087,475442,949.1116766933724,16.72260560693489,1.7619218072624585,0.05288342216295573,0.0009317645475157853,55.71886160667337
Cayman Islands,298.0,2.0,67311,264,4427.211005630581,29.712825541144838,0.6711409395973155,1.128787878787879,0.007575757575757576,254.9659090909091
Chad,1770.0,102.0,16644701,1284000,106.34014993720824,6.128076437059458,5.762711864406779,0.0013785046728971963,7.94392523364486e-05,12.96316277258567
China,92021.0,4739.0,1424929781,9706961,64.57932259330047,3.32577791775411,5.1499114332598,0.009479897982489062,0.00048820635006156923,146.794633356413
Colombia,1425774.0,39053.0,50930662,1141748,27994.41326719845,766.7875984019214,2.7390736540293203,1.2487641756324512,0.0342045705357049,44.607620946128215
Comoros,628.0,7.0,806166,1862,778.9958891841135,8.683075197912093,1.1146496815286624,0.3372717508055854,0.0037593984962406013,432.95703544575724
Costa Rica,150947.0,1895.0,5123105,51100,29463.967652429532,369.8928677042536,1.2554075271452894,2.953953033268102,0.037084148727984344,100.25645792563601
Croatia,175886.0,2640.0,4096868,56594,42931.820112339476,644.394693702604,1.5009722206429166,3.107855956461816,0.04664805456408807,72.39050075979786
Cyprus,15101.0,78.0,1237537,9251,12202.463441497102,63.028418544253626,0.5165220846301569,1.6323640687493244,0.00843152091665766,133.77332180304833
Dominica,87.0,0.0,71995,751,1208.417251198,0.0,0.0,0.11584553928095873,0.0,95.86551264980027
Dominican Republic,154692.0,2361.0,10999664,48671,14063.338661980948,214.64292000192006,1.5262586300519743,3.1783197386534074,0.048509379301842986,226.00036983008363
Ethiopia,116769.0,1806.0,117190911,1104300,996.3997975918116,15.410751436175795,1.5466433728129898,0.10574028796522685,0.0016354251562075523,106.12234990491714
Faroe Islands,528.0,0.0,52415,1393,10073.452256033577,0.0,0.0,0.37903804737975594,0.0,37.627422828427854
Eswatini,6768.0,127.0,1180655,17364,5732.411246299724,107.56740961584883,1.8764775413711583,0.3897719419488597,0.007313982953236582,67.9944137295554
Ghana,53014.0,327.0,32180401,238533,1647.4002297236757,10.161464426748442,0.6168181989663107,0.22225017083590112,0.0013708795009495542,134.90963933711478
Germany,1337078.0,21975.0,83328988,357114,16045.772690771186,263.7137510898368,1.6435092043994441,3.7441209249707375,0.06153497202573968,233.34002027363812
Guinea,13420.0,79.0,13205153,245857,1016.2699364407214,5.982513038659984,0.5886736214605067,0.05458457558662149,0.00032132499786461234,53.710705816795944
Holy See (Vatican City State),26.0,0.0,520,1,50000.0,0.0,0.0,26.0,0.0,520.0
India,9884100.0,143355.0,1396387127,3287590,7078.337954342944,102.66135889406549,1.450359668558594,3.0064880353085393,0.04360488990415472,424.7449125347139
Iraq,574634.0,12579.0,42556984,438317,13502.695585758616,295.580156714113,2.189045548992924,1.3110009422404334,0.028698407773369503,97.09179429499655
Italy,1843712.0,64520.0,59500579,301336,30986.454770465345,1084.3591958995896,3.4994619550124964,6.118459128680277,0.2141131494411554,197.4559262749887
Japan,179653.0,2585.0,125244761,377930,1434.4152886363047,20.639585874574028,1.4388849615647943,0.4753605164977641,0.006839890985103061,331.3967163231286
Liechtenstein,1514.0,18.0,38756,160,39064.91898028692,464.4442150892765,1.1889035667107,9.4625,0.1125,242.225
Luxembourg,41272.0,396.0,630399,2586,65469.6470013436,628.1735853007381,0.9594882729211088,15.959783449342615,0.1531322505800464,243.7737819025522
Madagascar,17638.0,258.0,28225177,587041,624.9030785528821,9.140775273083317,1.4627508787844425,0.03004560158489782,0.00043949230121916527,48.08041857383045
Mali,5814.0,194.0,21224040,1240192,273.9346514612675,9.14057832533297,3.3367733058135536,0.004687983796057385,0.00015642739188770772,17.113511456290638
Nepal,248423.0,1698.0,29348627,147181,8464.55270292542,57.85619886068265,0.6835115911167646,1.6878741141859344,0.011536815213920274,199.40499792772164
Paraguay,93582.0,1953.0,6618695,406752,14139.04100430674,295.0732735078441,2.0869397961146374,0.23007139485485012,0.004801451498701911,16.27206504208953
Serbia,266432.0,2331.0,7358005,88361,36209.81502458887,316.7978276720388,0.8748949075186163,3.015266916399769,0.026380416699675197,83.27208836477631
Sudan,21386.0,1347.0,44440486,1886068,481.2278605594007,30.310199577925406,6.298513045917891,0.011338933696982294,0.0007141842181724095,23.562504639281297
Belgium,608001.0,17951.0,11561717,30528,52587.43143427572,1552.6240609418135,2.952462249239722,19.91617531446541,0.5880175576519916,378.7250065513627
Benin,3090.0,44.0,12643123,112622,244.40164032256905,3.4801528071822125,1.423948220064725,0.02743691285894408,0.00039068743229564386,112.26157411518176
Brazil,6901952.0,181402.0,213196304,8515767,32373.694433276854,850.8684090508436,2.628270958708493,0.8104909399235559,0.02130189799697432,25.035478777190594
Burkina Faso,4030.0,71.0,21522626,272967,187.24480925329465,3.29885395954936,1.7617866004962779,0.014763689383698396,0.00026010470130088985,78.84698883015163
Central African Republic,4936.0,63.0,5343020,622984,923.8221080961703,11.791084442880619,1.2763371150729337,0.007923156935009567,0.00010112619264700217,8.576496346615643
Chile,571919.0,15886.0,19300315,756102,29632.625166998572,823.0953743501078,2.7776660680970555,0.7564045591732332,0.021010392777694016,25.526073201763783
Cuba,9423.0,137.0,11300698,109884,833.84229894472,12.123144959718417,1.4538894195054652,0.0857540679261767,0.0012467693203742128,102.84206981908194
Czechia,581079.0,9609.0,10530953,78865,55178.19707295247,912.4530325033261,1.6536477828315945,7.368021302225322,0.1218411209028086,133.53138908260954
Denmark,109758.0,941.0,5825641,43094,18840.501843488124,161.52728944334194,0.8573406949835092,2.54694389010071,0.021835986448229452,135.18450364319858
Djibouti,5728.0,61.0,1090156,23200,5254.293880875764,55.95529447161691,1.0649441340782122,0.24689655172413794,0.0026293103448275863,46.98948275862069
Ecuador,202110.0,13875.0,17588595,276841,11490.969005767658,788.863465217091,6.8650734748404325,0.7300580477602667,0.050119021387727974,63.533201368294435
Egypt,121575.0,6920.0,107465134,1002450,1131.2971516882862,64.39297791225944,5.691959695661115,0.12127786922040999,0.006903087435782333,107.20248790463364
El Salvador,41880.0,1205.0,6292731,21041,6655.297993828117,191.49078516148236,2.877268385864374,1.9903996958319472,0.05726914120051328,299.0699586521553
Equatorial Guinea,5185.0,85.0,1596049,28051,3248.6471280017095,53.25651029510999,1.639344262295082,0.18484189511960358,0.0030301950019607144,56.89811414922819
Eritrea,711.0,0.0,3555868,117600,199.95117929011988,0.0,0.0,0.006045918367346938,0.0,30.236972789115647
Fiji,46.0,2.0,920422,18272,49.97707573265306,2.172916336202307,4.3478260869565215,0.0025175131348511384,0.00010945709281961471,50.3733581436077
Finland,30810.0,453.0,5529468,338424,5571.964608530151,81.9246987232768,1.4703018500486855,0.09103964257854052,0.0013385575491099923,16.33887667541309
Gabon,9330.0,63.0,2292573,267668,4069.6632124691337,27.48004098451827,0.67524115755627,0.03485661341662059,0.00023536619991930302,8.564987222977718
Georgia,191063.0,1839.0,3765912,69700,50734.85519576666,488.3279269404065,0.9625097480935608,2.741219512195122,0.026384505021520805,54.03030129124821
Gibraltar,1075.0,5.0,32709,6,32865.57216668196,152.86312635666025,0.46511627906976744,179.16666666666666,0.8333333333333334,5451.5
Greece,124534.0,3625.0,10512232,131990,11846.580250511975,344.8363772793447,2.910851654969727,0.9435108720357603,0.027464201833472233,79.64415486021669
Greenland,19.0,0.0,56026,2166086,339.1282618784136,0.0,0.0,8.771581553086997e-06,0.0,0.02586508568911853
Guernsey,289.0,13.0,62794,78,4602.350543045513,207.0261489951269,4.498269896193772,3.7051282051282053,0.16666666666666666,805.0512820512821
Guinea-Bissau,2444.0,44.0,2015828,36125,1212.4050266193344,21.827259071706514,1.800327332242226,0.06765397923875432,0.001217993079584775,55.80146712802768
Guyana,5920.0,155.0,797202,214969,7425.972338253039,194.4300189914225,2.6182432432432434,0.02753885443947732,0.0007210341956282068,3.7084509859561146
Haiti,9565.0,234.0,11306801,27750,845.9510342492099,20.6955088357883,2.4464192368008364,0.34468468468468466,0.008432432432432432,407.4522882882883
Honduras,114359.0,2975.0,10121763,112492,11298.328166743284,293.92112816709897,2.6014568158168574,1.016596735767877,0.02644632507200512,89.97762507556092
Hungary,283870.0,7130.0,9750573,93028,29113.160836804156,731.2390769239921,2.5117131081128683,3.0514468762093134,0.07664359117684998,104.81331427097219
Iceland,5557.0,28.0,366669,103000,15155.35810226662,76.36315041631553,0.5038689940615441,0.05395145631067961,0.00027184466019417475,3.559893203883495
"Iran, Islamic Republic of",1108269.0,52196.0,87290193,1648195,12696.374723332323,597.9594981534754,4.709686908142338,0.6724137617211555,0.031668582904328675,52.96108348830084
Ireland,76185.0,2124.0,4946119,70273,15402.985654004684,429.4275976780987,2.787950383933845,1.0841290396026924,0.03022497972194157,70.38434391587096
Israel,357859.0,2999.0,8757489,20770,40863.19720184633,342.44975928602366,0.8380395630681359,17.22961001444391,0.14439094848338951,421.6412614347617
Jersey,1779.0,32.0,108319,116,16423.711444898865,295.42370221290815,1.7987633501967397,15.336206896551724,0.27586206896551724,933.7844827586207
Kazakhstan,186277.0,2552.0,18979243,2724900,9814.77501499928,134.46268642010642,1.370002737858136,0.06836104077213842,0.0009365481302066131,6.9651154170795255
Kenya,91892.0,1587.0,51985780,580367,1767.6372269493695,30.527578887918967,1.7270273799677882,0.1583342953682756,0.002734476632889189,89.5739764666151
Lao People's Democratic Republic,41.0,0.0,7319399,236800,5.6015528050868655,0.0,0.0,0.00017314189189189189,0.0,30.909624155405407
Jamaica,11710.0,273.0,2820436,10991,4151.840353760908,96.79354539510912,2.33134073441503,1.0654171594941315,0.024838504230734238,256.61322900555
Lebanon,146520.0,1200.0,5662923,10452,25873.563882115297,211.90470009922436,0.819000819000819,14.01836969001148,0.1148105625717566,541.802812858783
Lesotho,2250.0,44.0,2254100,30355,998.1810922319329,19.519985803646687,1.9555555555555555,0.07412287926206555,0.0014495140833470598,74.257947619832
Liberia,1676.0,83.0,5087584,111369,329.4294502066207,16.314226949373218,4.952267303102626,0.01504907110596306,0.0007452702278012732,45.68222754985678
Libya,90779.0,1299.0,6653942,1759540,13642.890184495147,195.2226214174996,1.4309476861388648,0.05159246166611728,0.000738261136433386,3.7816372460984122
Lithuania,95021.0,825.0,2820267,65300,33692.200064745644,292.52549492654424,0.8682291282979551,1.455145482388974,0.012633996937212864,43.189387442572745
Malawi,6066.0,187.0,19377061,118484,313.0505704657688,9.650586329887695,3.082756346851302,0.051196786063941124,0.001578272171770028,163.54158367374498
Malaysia,83475.0,415.0,33199993,330803,2514.3077590407925,12.500002635542725,0.4971548367774783,0.2523405168635109,0.0012545230847362328,100.36182561826827
Maldives,13368.0,48.0,514438,300,25985.638696985836,93.3057044775075,0.3590664272890485,44.56,0.16,1714.7933333333333
Malta,11101.0,166.0,515357,316,21540.407911408984,322.1068113948195,1.4953607783082605,35.129746835443036,0.5253164556962026,1630.876582278481
Mauritania,10780.0,222.0,4498604,1030700,2396.29894073806,49.34864237883575,2.0593692022263452,0.010458911419423693,0.0002153876006597458,4.36461045891142
Mauritius,515.0,10.0,1297828,2040,396.8168355128723,7.705181272094608,1.9417475728155338,0.25245098039215685,0.004901960784313725,636.1901960784314
Mexico,1250044.0,113953.0,125998302,1964375,9921.117825857684,904.4010767700663,9.115919119646989,0.6363571110404073,0.0580097995545657,64.14167457842825
"Moldova, Republic of",126518.0,2572.0,3084847,33846,41012.73093933021,833.7528571109037,2.032912312872477,3.7380488093127697,0.0759912545057023,91.14362110736867
Mongolia,912.0,0.0,3294335,1564110,276.8388764348495,0.0,0.0,0.0005830791951972687,0.0,2.1062041672260903
Montenegro,41426.0,582.0,629048,13812,65855.06988337933,925.2076153171141,1.4049147878144161,2.999275991891109,0.0421372719374457,45.54358528815523
Morocco,399609.0,6624.0,36688772,446550,10891.860866861392,180.54569937636506,1.6576203238665796,0.8948807524353376,0.014833725226738327,82.16050162355839
Netherlands,612746.0,10034.0,17434557,41850,35145.48720681575,575.523656838542,1.6375463895317146,14.641481481481481,0.2397610513739546,416.59634408602153
Niger,2258.0,80.0,24333639,1267000,92.7933549108705,3.2876299348404077,3.54295837023915,0.0017821625887924231,6.314127861089187e-05,19.205713496448304
Oman,126240.0,1471.0,4543399,309500,27785.365097804526,323.76641364757967,1.1652408111533588,0.4078836833602585,0.004752827140549273,14.679802907915994
Pakistan,440787.0,8832.0,227196741,881912,1940.111456088184,38.8737970497561,2.003688856522538,0.4998083709032194,0.010014604631754642,257.6183802919112
Panama,193007.0,3356.0,4294396,75417,44943.9222652033,781.4835893103477,1.7387970384493827,2.5591975284087143,0.044499250832040524,56.94201572589734
Peru,984973.0,36677.0,33304756,1285216,29574.544848789767,1101.2541271883213,3.7236553692334717,0.7663871287005453,0.02853761546697209,25.913742125837214
Puerto Rico,107158.0,1272.0,3271564,8870,32754.364579143185,388.80486519597355,1.1870322327777674,12.080947012401353,0.14340473506200677,368.8347237880496
Qatar,140961.0,240.0,2760385,11586,51065.70279145844,86.94439362625141,0.17025985910996658,12.16649404453651,0.020714655618850338,238.25176937683412
Romania,556335.0,13385.0,19442038,238391,28615.05568500586,688.4566319642004,2.4059244879434156,2.3337080678381317,0.05614725388122874,81.55525166638002
Rwanda,6659.0,56.0,13146362,26338,506.52796568358605,4.25973360538832,0.8409671121790058,0.2528286126509226,0.0021262054825727087,499.14048143367
Sao Tome and Principe,1009.0,17.0,218641,964,4614.870952840501,77.75302893784789,1.6848364717542121,1.0466804979253113,0.017634854771784232,226.80601659751036
Saint Vincent and the Grenadines,98.0,0.0,104632,389,936.6159492315926,0.0,0.0,0.2519280205655527,0.0,268.97686375321337
Saudi Arabia,359888.0,6048.0,35997107,2149690,9997.692314551834,168.01350175168244,1.6805228293246786,0.16741390619112523,0.002813428913006061,16.745254897217738
Sierra Leone,2440.0,75.0,8233969,71740,296.33339644586954,9.108608497311565,3.0737704918032787,0.034011708948982436,0.001045441873431837,114.77514636186228
Singapore,58320.0,29.0,5909869,710,9868.2390421852,4.907046162952174,0.04972565157750343,82.14084507042253,0.04084507042253521,8323.759154929578
Slovakia,132984.0,1175.0,5456681,49037,24370.85840275435,215.33236045867443,0.8835649401431752,2.711911413830373,0.02396149846034627,111.27681138731978
South Africa,860964.0,23276.0,58801927,1221037,14641.765056441092,395.8373677107555,2.7034812140809605,0.7051088541952455,0.019062485411989974,48.157367057673106
"Korea, Republic of",43484.0,587.0,51844690,100210,838.7358473934361,11.322278134944968,1.3499218103210375,0.43392874962578587,0.005857698832451851,517.360443069554
South Sudan,3206.0,62.0,10606227,619745,302.27525773302796,5.845622576246954,1.9338739862757333,0.005173095386005535,0.00010004114595519125,17.11385650549823
Spain,1730575.0,47624.0,47363807,505992,36537.92018872132,1005.4934984428088,2.7519177152102623,3.420162769371848,0.0941200651393698,93.60584159433351
Suriname,5353.0,117.0,607065,163820,8817.836640227983,192.73059721776087,2.1856902671399214,0.032676107923330484,0.0007141985105603711,3.7056830667806127
Sweden,320098.0,7514.0,10368969,450295,30870.76448969999,724.6622108716884,2.347406106879768,0.7108628787794667,0.016686838628010528,23.02705781765287
Timor-Leste,31.0,0.0,1299995,14874,23.846245562482935,0.0,0.0,0.002084173725964771,0.0,87.40049751243781
United Arab Emirates,184949.0,617.0,9287289,83600,19914.207472169757,66.43488751130711,0.3336054804297401,2.212308612440191,0.007380382775119617,111.09197368421053
United_Kingdom,1849403.0,64170.0,67059474,242900,27578.549154739863,956.9117705874042,3.4697683522736797,7.613845203787567,0.26418279127212846,276.07852614244547
Vanuatu,1.0,0.0,311685,12189,3.2083674222371945,0.0,0.0,8.20411846747067e-05,0.0,25.57100664533596
Wallis and Futuna,3.0,0.0,11655,142,257.4002574002574,0.0,0.0,0.02112676056338028,0.0,82.0774647887324
Zimbabwe,11246.0,307.0,15669666,390757,717.6923873169984,19.591993856154943,2.729859505601992,0.028780034650690837,0.0007856545116274308,40.10079409965785
Canada,460743.0,13431.0,37888705,9984670,12160.431453120396,354.4855914183396,2.915074130263509,0.046145040346851726,0.0013451621335507332,3.7946877563304544
Estonia,18055.0,149.0,1329444,45227,13580.865384326078,112.07692840014322,0.8252561617280533,0.3992084374378137,0.0032944922280938376,29.394918964335464
French Polynesia,15618.0,91.0,301920,4167,51728.93481717011,301.4043455219926,0.5826610321423998,3.748020158387329,0.02183825293976482,72.45500359971203
Gambia,3782.0,123.0,2573995,10689,1469.3113234485693,47.78564060924749,3.252247488101533,0.35382168584526147,0.011507156890261015,240.80783983534474
Grenada,69.0,0.0,123663,344,557.968026006162,0.0,0.0,0.2005813953488372,0.0,359.48546511627904
Guam,7106.0,118.0,169231,549,41989.94274098717,697.2717764475775,1.6605685336335492,12.943533697632057,0.21493624772313297,308.25318761384335
Guatemala,129282.0,4423.0,17362718,108889,7445.954026322377,254.74122196766658,3.421203261088164,1.1872824619566715,0.04061934630678948,159.45336994554089
Indonesia,617820.0,18819.0,271857970,1904569,2272.5837318655767,69.2236464503873,3.0460328250946875,0.3243883524303924,0.009880975695813593,142.7398902323833
Isle of Man,370.0,25.0,84046,572,4402.351093448826,297.4561549627585,6.756756756756757,0.6468531468531469,0.043706293706293704,146.93356643356643
Jordan,259614.0,3365.0,10928721,89342,23755.204291517737,307.9042826694908,1.29615506097514,2.9058449553401537,0.0376642564527322,122.32456179624364
Kuwait,146218.0,911.0,4360444,17818,33532.82372162101,208.9236784144,0.6230423066927464,8.206195981591648,0.05112807273543608,244.72129307441912
Kyrgyzstan,77674.0,1312.0,6424874,199951,12089.57560879793,204.2063392994166,1.6891108994000568,0.3884651739676221,0.006561607593860496,32.13224239938785
Latvia,25675.0,349.0,1897052,64559,13534.157208131353,183.96965396836777,1.3592989289191821,0.39769822952647965,0.005405907774283988,29.384779813813722
Monaco,668.0,2.0,36922,2,18092.194355668707,54.168246573858404,0.29940119760479045,334.0,1.0,18461.0
Mozambique,16954.0,142.0,31178239,801590,543.7767027188419,4.554458640207357,0.8375604577090952,0.021150463453885403,0.0001771479185119575,38.89549395576292
Myanmar,108342.0,2268.0,53423198,676578,2027.995403794434,42.45346749926876,2.093370991859113,0.1601323129040554,0.003352163386926563,78.96088551504778
Namibia,16536.0,160.0,2489098,825615,6643.370409682544,64.28031359150985,0.9675858732462507,0.020028705873803166,0.00019379492862896144,3.0148410578780664
Montserrat,13.0,1.0,4500,102,2888.8888888888887,222.22222222222223,7.6923076923076925,0.12745098039215685,0.00980392156862745,44.11764705882353
New Caledonia,36.0,0.0,286403,18575,125.69700736374969,0.0,0.0,0.0019380888290713323,0.0,15.418734858681022
New Zealand,1740.0,25.0,5061133,270467,343.7965372575666,4.939605420367337,1.4367816091954022,0.00643331718841855,9.243271822440446e-05,18.71257121940939
Nigeria,73175.0,1197.0,208327405,923768,351.2499951698626,5.745763501446198,1.6358045780662793,0.07921361207575928,0.0012957798927869335,225.51918338803682
North Macedonia,73638.0,2121.0,2111072,25713,34881.80412605539,1004.7028239681072,2.8803063635622914,2.863843192159608,0.08248745770621864,82.10134951192003
Northern Mariana Islands,113.0,2.0,49587,464,2278.8230786294794,40.33315183415008,1.7699115044247788,0.2435344827586207,0.004310344827586207,106.86853448275862
Norway,40022.0,387.0,5379839,323802,7439.256081826984,71.9352382106602,0.9669681675078706,0.12360022482875338,0.0011951748290622048,16.614594721465586
Papua New Guinea,725.0,8.0,9749640,462840,74.36172002248288,0.8205431174894663,1.103448275862069,0.0015664160401002505,1.728459078731311e-05,21.064817215452425
Philippines,449400.0,8733.0,112190977,342353,4005.6697251152377,77.84048444466261,1.9432576769025367,1.3126801868247102,0.025508758503649743,327.70554661416725
Portugal,348744.0,5559.0,10298192,92090,33864.58516213331,539.8034917197116,1.5940059183813915,3.7869909870778584,0.060364860462590944,111.82747312411772
Russian Federation,2653928.0,46941.0,145617329,17098242,18225.358329433442,322.35861159079496,1.7687367554809323,0.15521642517400328,0.002745369962596155,8.516508831726677
Saint Kitts and Nevis,27.0,0.0,47642,261,566.7268376642459,0.0,0.0,0.10344827586206896,0.0,182.53639846743295
Saint Lucia,275.0,4.0,179237,616,1534.281426268014,22.316820745716566,1.4545454545454546,0.44642857142857145,0.006493506493506494,290.96915584415586
San Marino,1947.0,51.0,34007,61,57252.91851677596,1499.6912400388155,2.6194144838212634,31.918032786885245,0.8360655737704918,557.4918032786885
Senegal,17075.0,349.0,16436119,196722,1038.8705508885646,21.233723119186468,2.0439238653001466,0.0867976128750216,0.001774077124063399,83.54997915840627
Seychelles,187.0,0.0,105530,452,1772.0079598218517,0.0,0.0,0.413716814159292,0.0,233.47345132743362
Solomon Islands,17.0,0.0,691191,28896,24.595227657767534,0.0,0.0,0.0005883167220376523,0.0,23.919954318936878
Somalia,4579.0,121.0,16537016,637657,276.89396926265294,7.316918602485479,2.642498362087792,0.007180976606545525,0.000189757189209873,25.934030364286755
Sri Lanka,32790.0,152.0,21715079,65610,1510.010624414491,6.999744279079067,0.4635559621835926,0.4997713763145862,0.0023167200121932633,330.9720926688005
Switzerland,372329.0,5378.0,8638613,41284,43100.55329484027,622.5536437388733,1.4444214659615555,9.018723960856507,0.1302683848464296,209.2484497626199
Syrian Arab Republic,9166.0,518.0,20772595,185180,441.2544508762627,24.93670145689549,5.651320096006982,0.049497785938006265,0.0027972783237930664,112.17515390430933
Tajikistan,12704.0,88.0,9543207,143100,1331.2086806877394,9.221218820884845,0.6926952141057935,0.0887770789657582,0.0006149545772187281,66.68907756813417
Thailand,4237.0,60.0,71475664,513120,59.27891764671119,0.839446556243255,1.4160962945480293,0.008257327720611163,0.00011693171188026193,139.29619582164017
Togo,3251.0,66.0,8442580,56785,385.0718619189868,7.817515498816712,2.030144570901261,0.057251034604208856,0.0011622787708021485,148.67623492119398
Trinidad and Tobago,6879.0,122.0,1518147,5130,4531.181763030852,80.36112444974037,1.7735135920918739,1.34093567251462,0.023781676413255362,295.9350877192982
Tunisia,111361.0,3894.0,12161723,163610,9156.6795264125,320.1848948541255,3.4967358410933813,0.6806491045779598,0.023800501191858687,74.33361652710714
Turkey,995471.0,16199.0,84135428,783562,11831.769608398497,192.5348261139172,1.6272699054015638,1.2704431812670853,0.02067353955398552,107.37558482927962
Turks and Caicos Islands,769.0,6.0,44276,948,17368.325955370856,135.5135965308519,0.7802340702210664,0.8111814345991561,0.006329113924050633,46.70464135021097
Uganda,27532.0,221.0,44404611,241550,620.0256995833158,4.976960613392154,0.802702310039227,0.11398054233078038,0.0009149244462844132,183.83196439660526
Ukraine,900666.0,15247.0,43909666,603500,20511.79346251461,347.2356177794657,1.6928583958981465,1.492404308202154,0.025264291632145816,72.75835294117647
United States,16256754.0,299177.0,335942003,9372610,48391.549299656945,890.5614580145252,1.840324335350095,1.7344959408318494,0.03192035089478811,35.842951216363424
Uruguay,9708.0,92.0,3429086,181034,2831.075102811653,26.829306701552543,0.9476720230737536,0.053625285857905144,0.0005081918313686931,18.94166841587768
Uzbekistan,75094.0,612.0,33526656,447400,2239.8297044596397,18.254131876438855,0.8149785602045436,0.16784532856504247,0.0013679034421099686,74.93664729548503
"Venezuela, Bolivarian Republic of",107177.0,949.0,28490453,916445,3761.8566472074,33.30940367989235,0.8854511695606334,0.11694864394480847,0.0010355231355946074,31.088011828314848
Viet Nam,1397.0,35.0,96648685,331212,14.454412907945928,0.36213632911818716,2.505368647100931,0.004217842348707173,0.000105672499788655,291.80308986389383
Yemen,2083.0,606.0,32284046,527968,64.52103308240858,18.77088144404205,29.092654824771962,0.003945314867567731,0.0011477968361718893,61.1477324383296
France,2376852.0,57911.0,64480053,551695,36861.81833628455,898.1227109103028,2.4364579704584046,4.308271780603413,0.10496923118752209,116.87626859043493
Marshall Islands,4.0,0.0,43413,181,92.1382995876811,0.0,0.0,0.022099447513812154,0.0,239.85082872928177
Nicaragua,5887.0,162.0,6755895,130373,871.3871367154167,23.97905828909419,2.7518260574146423,0.04515505511110429,0.0012425885727873102,51.81974028364769
Poland,1135676.0,22864.0,38428366,312679,29553.065045752923,594.9771582793815,2.013250257996119,3.632082743004807,0.07312291519417678,122.90037386584964
Slovenia,96314.0,1459.0,2117641,20273,45481.74123942632,688.9741934539423,1.5148368876798803,4.750850885414097,0.07196764169091896,104.45622256202832
"Virgin Islands, U.S.",1807.0,23.0,100442,347,17990.482069253896,228.9878735986938,1.2728278915329274,5.207492795389049,0.06628242074927954,289.45821325648416
Western Sahara,766.0,1.0,556048,266000,1377.5789140505856,1.7984058930164302,0.13054830287206268,0.0028796992481203007,3.7593984962406014e-06,2.090406015037594
Zambia,18274.0,367.0,18927715,752612,965.462550550872,19.389556531255884,2.008317828608953,0.024280771499790063,0.00048763506295408524,25.14936647302993
